hour_1,hour_2,t_stat,p_value
0,4,0.8588104140363649,0.4388639065851283
0,12,-4.539322459318452,0.010502521433319884
0,16,-9.8156866408511,0.0006039487154294724
4,12,-5.861121850982132,0.004229796152883229
4,16,-15.211003935023873,0.00010892028796263715
12,16,-2.4009425804269813,0.07428035505452901
