hour_1,hour_2,t_stat,p_value
0,4,-3.376051929001627,0.027887084315121012
0,12,-7.449690861700443,0.001734402270689266
0,16,-6.716745852239232,0.002558098683339643
4,12,-6.663949452887419,0.0026344238269171614
4,16,-6.145628691850559,0.003555230229560303
12,16,-1.6016424119353905,0.18449187337845427
