hour,t_stat,p_value
0,3.81664452543222,0.06230258264068133
4,7.209571862825563,0.018700954265466595
12,23.898197238365942,0.0017463484901202948
16,64.20393873540856,0.00024250386079171415
